INSERT INTO persona(id_persona, nombres, p_apel, s_apel, email, genero, DNI)
VALUES (1000, 'Alexandro Ysaac', 'Delgado', 'Justo', 'adelgadoj@unsa.edu.pe', 'm', 72172723);
INSERT INTO persona (id_persona, p_apel, s_apel,nombres, email, genero, DNI)
VALUES (1001,'Obando','Marquez','Cecilio Edwin','cmarquezo@gmail.com','m',06081090);
INSERT INTO persona (id_persona, p_apel, s_apel,nombres, email, genero, DNI)
VALUES (1002,'Zuta','Ynga','Absalon','ayngaz@gmail.com','m',06081089);
INSERT INTO persona (id_persona, p_apel, s_apel,nombres, email, genero, DNI)
VALUES (1003,'Sayago','Quispe','Julian','jsagayoq@gmail.com','m',30540652);
INSERT INTO persona (id_persona, p_apel, s_apel,nombres, email, genero, DNI)
VALUES (1004,'Yuto','Altamirano','Justina','jyutoa@gmail.com','f',55512191);
INSERT INTO persona (id_persona, p_apel, s_apel,nombres, email, genero, DNI)
VALUES (1005,'Oballe','Casaverde','Cesar','coballec@gmail.com','m',43678671);
INSERT INTO persona (id_persona, p_apel, s_apel,nombres, email, genero, DNI)
VALUES (1006,'Alva','Sanchez','Arnaldo','aalvas@gmail.com','m',33668053);
INSERT INTO persona (id_persona, p_apel, s_apel,nombres, email, genero, DNI)
VALUES (1007,'Hidalgo','Caso', 'Alfredo Abel','ahidalgoc@gmail.com','m',52437864);
INSERT INTO persona (id_persona, p_apel, s_apel,nombres, email, genero, DNI)
VALUES (1008,'Arana','Calderon','Angela','aaranac@gmail.com','f',52073346);
INSERT INTO persona (id_persona, p_apel, s_apel,nombres, email, genero, DNI)
VALUES (1009,'Baltazar','Torres', 'Pericles Armando','pbaltazart@gmail.com','m',58447183);
INSERT INTO persona (id_persona, p_apel, s_apel,nombres, email, genero, DNI)
VALUES (1010,'Carhuas','Coronado','Julia','jcarhuasc@gmail.com','f',45624272);
INSERT INTO persona (id_persona, p_apel, s_apel,nombres, email, genero, DNI)
VALUES (1011,'Palomino','Zaga','Ernesto Aurelio','epalominoz@gmail.com','m',56430160);
INSERT INTO persona (id_persona, p_apel, s_apel,nombres, email, genero, DNI)
VALUES (1012,'Espantozo','Montañez','Ana Maria','aespantozom@gmail.com','f',50776894);
INSERT INTO persona (id_persona, p_apel, s_apel,nombres, email, genero, DNI)
VALUES (1013,'Sedano','Otos','Vicente','vsedanoo@gmail.com','m',56612480);
INSERT INTO persona (id_persona, p_apel, s_apel,nombres, email, genero, DNI)
VALUES (1014,'Rodriguez','Chacon','Peregrina Mariluz','prodriguezc@gmail.com','f',43526851);
INSERT INTO persona (id_persona, p_apel, s_apel,nombres, email, genero, DNI)
VALUES (1015,'Sulca','Meza','David Dante','dsulcam@gmail.com','m',34835939);
INSERT INTO persona (id_persona, p_apel, s_apel,nombres, email, genero, DNI)
VALUES (1016,'Paico','Aris','Monica Roxana','mpaicoa@gmail.com','f',59933663);
INSERT INTO persona (id_persona, p_apel, s_apel,nombres, email, genero, DNI)
VALUES (1017,'Pizarro','Puris','Fredy Jesus','fpizarrop@gmail.com','m',35548429);
INSERT INTO persona (id_persona, p_apel, s_apel,nombres, email, genero, DNI)
VALUES (1018,'Acosta','Poma','Isabel Eugenia','iacostap@gmail.com','f',45292690);
INSERT INTO persona (id_persona, p_apel, s_apel,nombres, email, genero, DNI)
VALUES (1019,'Rivadeneira','Barreto','Gustavo','grivadeneiral@gmail.com','m',37363605);
INSERT INTO persona (id_persona, p_apel, s_apel,nombres, email, genero, DNI)
VALUES (1020,'Lopez','Huachaca','Emiliana Lucina','elopezh@gmail.com','f',40605090);
INSERT INTO persona (id_persona, p_apel, s_apel,nombres, email, genero, DNI)
VALUES (1021,'Barreda','Valencia','Sila Albina','sbarredav@gmail.com','f',59342756);
INSERT INTO persona (id_persona, p_apel, s_apel,nombres, email, genero, DNI)
VALUES (1022,'Cabrejos','Ubillus','Ysabel Cristina','ycabrejosu@gmail.com','f',57762489);
INSERT INTO persona (id_persona, p_apel, s_apel,nombres, email, genero, DNI)
VALUES (1023,'Porras','Vasquez','Jose Fermin','jporrasv@gmail.com','m',48554898);
INSERT INTO persona (id_persona, p_apel, s_apel,nombres, email, genero, DNI)
VALUES (1024,'Vidal','Gonzales','Roberto Wilfredo','rvidalg@gmail.com','m',50260693);
INSERT INTO persona (id_persona, p_apel, s_apel,nombres, email, genero, DNI)
VALUES (1025,'Gutierrez','Gonzales','Maria Encarnacion','mgutierrezg@gmail.com','f',34090831);
INSERT INTO persona (id_persona, p_apel, s_apel,nombres, email, genero, DNI)
VALUES (1026,'Gonzales','Ignacio','Isabel','igonzalesi@gmail.com','f',47791457);
INSERT INTO persona (id_persona, p_apel, s_apel,nombres, email, genero, DNI)
VALUES (1027,'Gonzales','Ponce','Honorato Enrique','hgonzalesp@gmail.com','m',42658038);
INSERT INTO persona (id_persona, p_apel, s_apel,nombres, email, genero, DNI)
VALUES (1028,'Huaringa','Benavides','Daniel','dhuaringab@gmail.com','m',32832705);
INSERT INTO persona (id_persona, p_apel, s_apel,nombres, email, genero, DNI)
VALUES (1029,'Suarez','Osoria','Luz Del Rosario','lsuarezo@gmail.com','f',31624826);
INSERT INTO persona (id_persona, p_apel, s_apel,nombres, email, genero, DNI)
VALUES (1030,'Osoria','Villegas','Lidia','losoriav@gmail.com','f',43559056);
INSERT INTO persona (id_persona, p_apel, s_apel,nombres, email, genero, DNI)
VALUES (1031,'Roman','Vasquez','Antonio','aromanv@gmail.com','m',32216832);
INSERT INTO persona (id_persona, p_apel, s_apel,nombres, email, genero, DNI)
VALUES (1032,'Julca','Aponte','Pedro Marcos','pjulcaa@gmail.com','m',51813077);
INSERT INTO persona (id_persona, p_apel, s_apel,nombres, email, genero, DNI)
VALUES (1033,'Martinez','Torres De Julca','Victoria Timotea','vmartinezt@gmail.com','f',41143244);
INSERT INTO persona (id_persona, p_apel, s_apel,nombres, email, genero, DNI)
VALUES (1034,'Chavez','Vargas','Zoila','zchavezv@gmail.com','f',40394346);
INSERT INTO persona (id_persona, p_apel, s_apel,nombres, email, genero, DNI)
VALUES (1035,'Ramirez','La Rosa','Marilu','mramirezl@gmail.com','f',40734333);
INSERT INTO persona (id_persona, p_apel, s_apel,nombres, email, genero, DNI)
VALUES (1036,'Rojas','Ocampo','Adelina','arojaso@gmail.com','f',52012648);
INSERT INTO persona (id_persona, p_apel, s_apel,nombres, email, genero, DNI)
VALUES (1037,'Burneo','Farfan','Lura Elena','lburneof@gmail.com','f',35539839);
INSERT INTO persona (id_persona, p_apel, s_apel,nombres, email, genero, DNI)
VALUES (1038,'Perez','Lujan','Celestina','cperezl@gmail.com','f',50481854);
INSERT INTO persona (id_persona, p_apel, s_apel,nombres, email, genero, DNI)
VALUES (1039,'Peña','Diaz','Teresa Rosa Elvira','tpeñad@gmail.com','f',56947345);
INSERT INTO persona (id_persona, p_apel, s_apel,nombres, email, genero, DNI)
VALUES (1040,'Maravi','Gavilan De Ruiz','Natalia','nmaravig@gmail.com','f',54264428);
INSERT INTO persona (id_persona, p_apel, s_apel,nombres, email, genero, DNI)
VALUES (1041,'Linares','Vargas','Doris Elizabeth','dlinaresv@gmail.com','f',33752433);
INSERT INTO persona (id_persona, p_apel, s_apel,nombres, email, genero, DNI)
VALUES (1042,'Roca','Pacheco','Felix','frocap@gmail.com','m',45568767);
INSERT INTO persona (id_persona, p_apel, s_apel,nombres, email, genero, DNI)
VALUES (1043,'Requena','Rebolledo','Manuel Enrique','mrequenar@gmail.com','m',47613349);
INSERT INTO persona (id_persona, p_apel, s_apel,nombres, email, genero, DNI)
VALUES (1044,'Arriola','Nanfaro De Requena','Carmen','carriolan@gmail.com','f',45702491);
INSERT INTO persona (id_persona, p_apel, s_apel,nombres, email, genero, DNI)
VALUES (1045,'Ramos','Pisconte','Benjamin Felix','bramosp@gmail.com','m',42161091);
INSERT INTO persona (id_persona, p_apel, s_apel,nombres, email, genero, DNI)
VALUES (1046,'Mavila','Mendez','Emilio','emavilam@gmail.com','m',36237585);
INSERT INTO persona (id_persona, p_apel, s_apel,nombres, email, genero, DNI)
VALUES (1047,'Vilca','Fabian','Tubias Margarita','tvilcaf@gmail.com','f',47264130);
INSERT INTO persona (id_persona, p_apel, s_apel,nombres, email, genero, DNI)
VALUES (1048,'Flores','Quintana','Octamide','ofloresq@gmail.com','m',56285150);
INSERT INTO persona (id_persona, p_apel, s_apel,nombres, email, genero, DNI)
VALUES (1049,'Vara','Tapia','Fernando','fvarat@gmail.com','m',46961636);
INSERT INTO persona (id_persona, p_apel, s_apel,nombres, email, genero, DNI)
VALUES (1050,'Humpiri','Barreda','Hilario','hhumpirib@gmail.com','m',40439254);
INSERT INTO persona (id_persona, p_apel, s_apel,nombres, email, genero, DNI)
VALUES (1051,'Canales','Falcon','Toribio','tcanalesf@gmail.com','m',57120606);
INSERT INTO persona (id_persona, p_apel, s_apel,nombres, email, genero, DNI)
VALUES (1052,'Peña','Diaz','Elisa Gregoria','epeñad@gmail.com','f',59955642);
INSERT INTO persona (id_persona, p_apel, s_apel,nombres, email, genero, DNI)
VALUES (1053,'Olivera','Vila','Fortunato','foliverav@gmail.com','m',35524435);
INSERT INTO persona (id_persona, p_apel, s_apel,nombres, email, genero, DNI)
VALUES (1054,'Navarro','Moquillaza','Luis Augusto','lnavarrom@gmail.com','m',47800133);
INSERT INTO persona (id_persona, p_apel, s_apel,nombres, email, genero, DNI)
VALUES (1055,'Aguero','Ramos','Ernesto','eagueror@gmail.com','m',51291130);
INSERT INTO persona (id_persona, p_apel, s_apel,nombres, email, genero, DNI)
VALUES (1056,'Larico','Davila','Olga','olaricod@gmail.com','f',36245696);
INSERT INTO persona (id_persona, p_apel, s_apel,nombres, email, genero, DNI)
VALUES (1057,'Ramirez','Gratelli','Luis Baltazar','lramirezg@gmail.com','m',38019915);
INSERT INTO persona (id_persona, p_apel, s_apel,nombres, email, genero, DNI)
VALUES (1058,'Ruiz','Grignon','Jorge Alberto','jruizg@gmail.com','m',54722032);
INSERT INTO persona (id_persona, p_apel, s_apel,nombres, email, genero, DNI)
VALUES (1059,'Ramirez','Giraldo','Moises Mercurio','mramirezg@gmail.com','m',36490756);
INSERT INTO persona (id_persona, p_apel, s_apel,nombres, email, genero, DNI)
VALUES (1060,'Tiza','Ayala','Melina Anatolia','mtizaa@gmail.com','f',45226942);
INSERT INTO persona (id_persona, p_apel, s_apel,nombres, email, genero, DNI)
VALUES (1061,'Matos','Humareda','Sabino','smatosh@gmail.com','m',41051192);
INSERT INTO persona (id_persona, p_apel, s_apel,nombres, email, genero, DNI)
VALUES (1062,'Andia','Rivarola','Luz Elena','landiar@gmail.com','f',38487890);
INSERT INTO persona (id_persona, p_apel, s_apel,nombres, email, genero, DNI)
VALUES (1063,'Mauricio','Samame','Pedro Cesar','pmauricios@gmail.com','m',41821672);
INSERT INTO persona (id_persona, p_apel, s_apel,nombres, email, genero, DNI)
VALUES (1064,'Quispe','Sucari','Victor','vquispes@gmail.com','m',35502242);
INSERT INTO persona (id_persona, p_apel, s_apel,nombres, email, genero, DNI)
VALUES (1065,'Rodriguez','Rubio','Marcos Santiago','mrodriguezr@gmail.com','m',52680751);
INSERT INTO persona (id_persona, p_apel, s_apel,nombres, email, genero, DNI)
VALUES (1066,'Diaz','Silva','Maribel','mdiazs@gmail.com','f',46466575);
INSERT INTO persona (id_persona, p_apel, s_apel,nombres, email, genero, DNI)
VALUES (1067,'Borja','Rios De Dioses','Juana','jborjar@gmail.com','f',37645273);
INSERT INTO persona (id_persona, p_apel, s_apel,nombres, email, genero, DNI)
VALUES (1068,'Franco','Silva','Santos','sfrancos@gmail.com','m',41403636);
INSERT INTO persona (id_persona, p_apel, s_apel,nombres, email, genero, DNI)
VALUES (1069,'Ramos','Sparrow','Carmen Julia','cramoss@gmail.com','f',33072027);
INSERT INTO persona (id_persona, p_apel, s_apel,nombres, email, genero, DNI)
VALUES (1070,'Roman','Navarro','Jose Antonio','jromann@gmail.com','m',49078550);
INSERT INTO persona (id_persona, p_apel, s_apel,nombres, email, genero, DNI)
VALUES (1071,'Lopez','Chavez','Julio Felix','jlopezc@gmail.com','m',37254059);
INSERT INTO persona (id_persona, p_apel, s_apel,nombres, email, genero, DNI)
VALUES (1072,'Espinoza','Nieva','Vilma Juana','vespinozan@gmail.com','f',41725684);
INSERT INTO persona (id_persona, p_apel, s_apel,nombres, email, genero, DNI)
VALUES (1073,'Pacheco','Lazo','Heliades Felix','hpachecol@gmail.com','m',36988301);
INSERT INTO persona (id_persona, p_apel, s_apel,nombres, email, genero, DNI)
VALUES (1074,'Tenorio','Ruiz','Alejandrina Zoraida','atenorior@gmail.com','f',32440131);
INSERT INTO persona (id_persona, p_apel, s_apel,nombres, email, genero, DNI)
VALUES (1075,'Lynch','Fernandez','Walter','wlynchf@gmail.com','m',31916786);
INSERT INTO persona (id_persona, p_apel, s_apel,nombres, email, genero, DNI)
VALUES (1076,'San Martin','Medina','Ysabel Mercedes','ysan martinm@gmail.com','f',58172635);
INSERT INTO persona (id_persona, p_apel, s_apel,nombres, email, genero, DNI)
VALUES (1077,'Sulca','Meza','Anibal Miguel','asulcam@gmail.com','m',43600210);
INSERT INTO persona (id_persona, p_apel, s_apel,nombres, email, genero, DNI)
VALUES (1078,'Quillo','UreñA','Ronal','rquillou@gmail.com','m',48547319);
INSERT INTO persona (id_persona, p_apel, s_apel,nombres, email, genero, DNI)
VALUES (1079,'Lau','Vega','Cesar Augusto','clauv@gmail.com','m',48923022);
INSERT INTO persona (id_persona, p_apel, s_apel,nombres, email, genero, DNI)
VALUES (1080,'Casas','Toribio','Jorge Isidoro','jcasast@gmail.com','m',57234908);
INSERT INTO persona (id_persona, p_apel, s_apel,nombres, email, genero, DNI)
VALUES (1081,'Quispe','Aguilar','Segundo Daniel','squispea@gmail.com','m',55449771);
INSERT INTO persona (id_persona, p_apel, s_apel,nombres, email, genero, DNI)
VALUES (1082,'Toribio','Pacherre','Maria Mercedes','mtoribiop@gmail.com','f',57491104);
INSERT INTO persona (id_persona, p_apel, s_apel,nombres, email, genero, DNI)
VALUES (1083,'Valdez','Navarro','Rafael Alfonso','rvaldezn@gmail.com','m',43493517);
INSERT INTO persona (id_persona, p_apel, s_apel,nombres, email, genero, DNI)
VALUES (1084,'Tello','Manrique','Ivan Carlos','itellom@gmail.com','m',54435032);
INSERT INTO persona (id_persona, p_apel, s_apel,nombres, email, genero, DNI)
VALUES (1085,'Alva','Casas','Gregorio Anibal','galvac@gmail.com','m',52002694);
INSERT INTO persona (id_persona, p_apel, s_apel,nombres, email, genero, DNI)
VALUES (1086,'Luciani','Evangelista','Primitiva','plucianie@gmail.com','f',57514480);
INSERT INTO persona (id_persona, p_apel, s_apel,nombres, email, genero, DNI)
VALUES (1087,'Gutierrez','Gonzales','Herbert Eduardo','hgutierrezg@gmail.com','m',58850493);
INSERT INTO persona (id_persona, p_apel, s_apel,nombres, email, genero, DNI)
VALUES (1088,'Vega','Campoverde','Guillermina','gvegac@gmail.com','f',54795275);
INSERT INTO persona (id_persona, p_apel, s_apel,nombres, email, genero, DNI)
VALUES (1089,'Mauricio','Maldonado','Celia Violeta','cmauriciom@gmail.com','f',33992323);
INSERT INTO persona (id_persona, p_apel, s_apel,nombres, email, genero, DNI)
VALUES (1090,'Caceres','Echevarria','Jose','jcacerese@gmail.com','m',44727272);
INSERT INTO persona (id_persona, p_apel, s_apel,nombres, email, genero, DNI)
VALUES (1091,'Ayala','Gastelu','Lucia','layalag@gmail.com','f',54357243);
INSERT INTO persona (id_persona, p_apel, s_apel,nombres, email, genero, DNI)
VALUES (1092,'Malpica','Bunsen','Gonzalo Fernando','gmalpicab@gmail.com','m',37978790);
INSERT INTO persona (id_persona, p_apel, s_apel,nombres, email, genero, DNI)
VALUES (1093,'Cuaresma','Osorio','Eugenia','ecuaresmao@gmail.com','f',52717479);
INSERT INTO persona (id_persona, p_apel, s_apel,nombres, email, genero, DNI)
VALUES (1094,'Lau','Vega','Mario','mlauv@gmail.com','m',44988239);
INSERT INTO persona (id_persona, p_apel, s_apel,nombres, email, genero, DNI)
VALUES (1095,'Silva','Tipismana','Demetrio Telmo','dsilvat@gmail.com','m',59439116);
INSERT INTO persona (id_persona, p_apel, s_apel,nombres, email, genero, DNI)
VALUES (1096,'Huarachi','Valdivia','Simon','shuarachiv@gmail.com','m',40843256);
INSERT INTO persona (id_persona, p_apel, s_apel,nombres, email, genero, DNI)
VALUES (1097,'Zarate','Leon','Juana Rebeca','jzaratel@gmail.com','f',43602986);
INSERT INTO persona (id_persona, p_apel, s_apel,nombres, email, genero, DNI)
VALUES (1098,'Pampa','AvendañO','Leonarda','lpampaa@gmail.co','f',55844760);
INSERT INTO persona (id_persona, p_apel, s_apel,nombres, email, genero, DNI)
VALUES (1099,'Illanes','Palomino','Maruja','millanesp@gmail.com','f',30988226);
INSERT INTO persona (id_persona, p_apel, s_apel,nombres, email, genero, DNI)
VALUES (1100,'Gomez','Ramirez De Yong','Susana Del Pilar','sgomezr@gmail.com','f',44120549);
INSERT INTO persona (id_persona, p_apel, s_apel,nombres, email, genero, DNI)
VALUES (1101,'Oliva','Bruse','Victor Augusto','volivab@gmail.com','m',45665658);
INSERT INTO persona (id_persona, p_apel, s_apel,nombres, email, genero, DNI)
VALUES (1102,'Solis','Chuquitapa','Navidad','nsolisc@gmail.com','f',56488803);
INSERT INTO persona (id_persona, p_apel, s_apel,nombres, email, genero, DNI)
VALUES (1103,'Ramos','Amachi De Huarachi','Teodora','tramosa@gmail.com','f',44131958);
INSERT INTO persona (id_persona, p_apel, s_apel,nombres, email, genero, DNI)
VALUES (1104,'Galvez','Mallma','Ricardo','rgalvezm@gmail.com','m',33598139);
INSERT INTO persona (id_persona, p_apel, s_apel,nombres, email, genero, DNI)
VALUES (1105,'Alverca','Melendez','Juan Francisco','jalvercam@gmail.com','m',48049962);
INSERT INTO persona (id_persona, p_apel, s_apel,nombres, email, genero, DNI)
VALUES (1106,'Martinez','Suarez','Victoria','vmartinezs@gmail.com','f',58443696);
INSERT INTO persona (id_persona, p_apel, s_apel,nombres, email, genero, DNI)
VALUES (1107,'Alvarez','Salas','Norma Dina','nalvarezs@gmail.com','f',40610555);
INSERT INTO persona (id_persona, p_apel, s_apel,nombres, email, genero, DNI)
VALUES (1108,'Vicente','Romero','Domingo','dvicenter@gmail.com','m',59527481);
INSERT INTO persona (id_persona, p_apel, s_apel,nombres, email, genero, DNI)
VALUES (1109,'Puma','Vargas','Angelino','apumav@gmail.com','m',31506613);
INSERT INTO persona (id_persona, p_apel, s_apel,nombres, email, genero, DNI)
VALUES (1110,'Rufasto','Sanchez','Segundo Faustino','srufastos@gmail.com','m',49139613);
INSERT INTO persona (id_persona, p_apel, s_apel,nombres, email, genero, DNI)
VALUES (1111,'Aguilar','Merejildo','Felix Roberto','faguilarm@gmail.com','m',55561837);
INSERT INTO persona (id_persona, p_apel, s_apel,nombres, email, genero, DNI)
VALUES (1112,'Montoya','Negrillo','Anibal','amontoyan@gmail.com','m',41021776);
INSERT INTO persona (id_persona, p_apel, s_apel,nombres, email, genero, DNI)
VALUES (1113,'Arce','Suarez','Carmen Adela','carces@gmail.com','f',56583811);
INSERT INTO persona (id_persona, p_apel, s_apel,nombres, email, genero, DNI)
VALUES (1114,'Veliz','Inga','Alejandro Simon','avelizi@gmail.com','m',44666515);
INSERT INTO persona (id_persona, p_apel, s_apel,nombres, email, genero, DNI)
VALUES (1115,'Rafael','Martinez','Trinidad Lucia','trafaelm@gmail.com','f',42251316);
INSERT INTO persona (id_persona, p_apel, s_apel,nombres, email, genero, DNI)
VALUES (1116,'Lazo','Mercado','Maria Del Rosario','mlazom@gmail.com','f',54930146);
INSERT INTO persona (id_persona, p_apel, s_apel,nombres, email, genero, DNI)
VALUES (1117,'Meza','San Martin','Ana Cecilia','amezas@gmail.com','f',41384790);
INSERT INTO persona (id_persona, p_apel, s_apel,nombres, email, genero, DNI)
VALUES (1118,'Ninanya','Malpica','Sabino Marcos','sninanyam@gmail.com','m',56811689);
INSERT INTO persona (id_persona, p_apel, s_apel,nombres, email, genero, DNI)
VALUES (1119,'Balboa','Zegarra','Tito Alfredo','tbalboaz@gmail.com','m',45213704);
INSERT INTO persona (id_persona, p_apel, s_apel,nombres, email, genero, DNI)
VALUES (1120,'Loayza','Mullihuanca','Angel','aloayzam@gmail.com','m',41087271);
INSERT INTO persona (id_persona, p_apel, s_apel,nombres, email, genero, DNI)
VALUES (1121,'Avalos','Huapaya','Luisa','lavalosh@gmail.com','f',40016922);
INSERT INTO persona (id_persona, p_apel, s_apel,nombres, email, genero, DNI)
VALUES (1122,'Ramirez','Otero','Cesar Augusto','cramirezo@gmail.com','m',32994823);
INSERT INTO persona (id_persona, p_apel, s_apel,nombres, email, genero, DNI)
VALUES (1123,'Paredes','Reyes','Nelly Elizabeth','nparedesr@gmail.com','f',55387060);
INSERT INTO persona (id_persona, p_apel, s_apel,nombres, email, genero, DNI)
VALUES (1124,'Ramos','Davila','Zoila Esther','zramosd@gmail.com','f',57937268);
INSERT INTO persona (id_persona, p_apel, s_apel,nombres, email, genero, DNI)
VALUES (1125,'Xolon','Yalta','Maria','mxolony@gmail.com','f',58316475);
INSERT INTO persona (id_persona, p_apel, s_apel,nombres, email, genero, DNI)
VALUES (1126,'Olivera','Yaringaño de Torres','Gloria Aurora','goliveray@gmail.com','f',55907002);
INSERT INTO persona (id_persona, p_apel, s_apel,nombres, email, genero, DNI)
VALUES (1127,'Ramirez','Rivera','Lucila','lramirezr@gmail.com','f',56123541);
INSERT INTO persona (id_persona, p_apel, s_apel,nombres, email, genero, DNI)
VALUES (1128,'Cubas','Luna','Julio Orlando','jcubasl@gmail.com','m',34317581);
INSERT INTO persona (id_persona, p_apel, s_apel,nombres, email, genero, DNI)
VALUES (1129,'Tantalean','Nomberto','Jose Isaias','jtantaleann@gmail.com','m',56079725);
INSERT INTO persona (id_persona, p_apel, s_apel,nombres, email, genero, DNI)
VALUES (1130,'Menendez','Gallegos','Aquiles','amenendezg@gmail.com','m',32540765);
INSERT INTO persona (id_persona, p_apel, s_apel,nombres, email, genero, DNI)
VALUES (1131,'Quispe','Gutierrez','Maura','mquispeg@gmail.com','f',36450975);
INSERT INTO persona (id_persona, p_apel, s_apel,nombres, email, genero, DNI)
VALUES (1132,'Noriega','Cappelletti','Angel Vicente','anoriegac@gmail.com','m',54663380);
INSERT INTO persona (id_persona, p_apel, s_apel,nombres, email, genero, DNI)
VALUES (1133,'Reategui','Torrejon','Petronila','preateguit@gmail.com','f',54865040);
INSERT INTO persona (id_persona, p_apel, s_apel,nombres, email, genero, DNI)
VALUES (1134,'Ramirez','Tarazona de Vivanco','Maria Concepcion','mramirezt@gmail.com','f',49866830);
INSERT INTO persona (id_persona, p_apel, s_apel,nombres, email, genero, DNI)
VALUES (1135,'Caceres','Tacza','Victor','vcacerest@gmail.com','m',47637182);
INSERT INTO persona (id_persona, p_apel, s_apel,nombres, email, genero, DNI)
VALUES (1136,'Torres','Bedregal','Jorge Samuel','jtorresb@gmail.com','m',36054948);
INSERT INTO persona (id_persona, p_apel, s_apel,nombres, email, genero, DNI)
VALUES (1137,'Otarola','Urteaga','Jose Luis','jotarolau@gmail.com','m',47452059);
INSERT INTO persona (id_persona, p_apel, s_apel,nombres, email, genero, DNI)
VALUES (1138,'Ballardo','Vizurraga','Sonia Maria','sballardov@gmail.com','f',56668848);
INSERT INTO persona (id_persona, p_apel, s_apel,nombres, email, genero, DNI)
VALUES (1139,'Olivera','Yaringaño','Marisa Julia','moliveray@gmail.com','f',30974224);
INSERT INTO persona (id_persona, p_apel, s_apel,nombres, email, genero, DNI)
VALUES (1140,'Vargas','Yamoga','Elena','evargasy@gmail.com','f',56380279);
INSERT INTO persona (id_persona, p_apel, s_apel,nombres, email, genero, DNI)
VALUES (1141,'Fernandez','Morales de Velasquez','Carmen Rosa','cfernandezm@gmail.com','f',49253067);
INSERT INTO persona (id_persona, p_apel, s_apel,nombres, email, genero, DNI)
VALUES (1142,'Carhuayo','Aranguren','Cesar Urbano','ccarhuayoa@gmail.com','m',57991017);
INSERT INTO persona (id_persona, p_apel, s_apel,nombres, email, genero, DNI)
VALUES (1143,'Castillo','Huaspoma','Francisco','fcastilloh@gmail.com','m',38752511);
INSERT INTO persona (id_persona, p_apel, s_apel,nombres, email, genero, DNI)
VALUES (1144,'Fernandez','Contreras','Ines','ifernandezc@gmail.com','f',33422095);
INSERT INTO persona (id_persona, p_apel, s_apel,nombres, email, genero, DNI)
VALUES (1145,'Fernandez','Alvarado','Ruben Dionicio','rfernandeza@gmail.com','m',43368166);
INSERT INTO persona (id_persona, p_apel, s_apel,nombres, email, genero, DNI)
VALUES (1146,'Neira','Lazo','Mirian Milagro','mneiral@gmail.com','f',40284130);
INSERT INTO persona (id_persona, p_apel, s_apel,nombres, email, genero, DNI)
VALUES (1147,'Olivera','YaringañO','Demetrio Martin','doliveray@gmail.com','m',36634865);
INSERT INTO persona (id_persona, p_apel, s_apel,nombres, email, genero, DNI)
VALUES (1148,'Rodriguez','Espinoza','Victoriano Vicente','vrodrigueze@gmail.com','m',44903206);
INSERT INTO persona (id_persona, p_apel, s_apel,nombres, email, genero, DNI)
VALUES (1149,'Palomino','Ayala','Victor','vpalominoa@gmail.com','m',59559805);
INSERT INTO persona (id_persona, p_apel, s_apel,nombres, email, genero, DNI)
VALUES (1150,'Leon','Laura','Jesus','jleonl@gmail.com','m',31654096);
INSERT INTO persona (id_persona, p_apel, s_apel,nombres, email, genero, DNI)
VALUES (1151,'Yanavilca','Gonzales','Luis Albino','lyanavilcag@gmail.com','m',54068477);
INSERT INTO persona (id_persona, p_apel, s_apel,nombres, email, genero, DNI)
VALUES (1152,'Burneo','Farfan','Luz del Carmen','lburneof@gmail.com','f',59436146);
INSERT INTO persona (id_persona, p_apel, s_apel,nombres, email, genero, DNI)
VALUES (1153,'Rodriguez','Reyes','Wenceslao','wrodriguezr@gmail.com','m',33193723);
INSERT INTO persona (id_persona, p_apel, s_apel,nombres, email, genero, DNI)
VALUES (1154,'Llamoga','Escobal','Orfelinda','ollamogae@gmail.com','f',32622750);
INSERT INTO persona (id_persona, p_apel, s_apel,nombres, email, genero, DNI)
VALUES (1155,'Urbano','Navarro','Artemio Nolberto','aurbanon@gmail.com','m',39987809);
INSERT INTO persona (id_persona, p_apel, s_apel,nombres, email, genero, DNI)
VALUES (1156,'Laureano','Mayta','Ricarda','rlaureanom@gmail.com','f',57922726);
INSERT INTO persona (id_persona, p_apel, s_apel,nombres, email, genero, DNI)
VALUES (1157,'Sosa','Jaime','Manuel','msosaj@gmail.com','m',53152383);
INSERT INTO persona (id_persona, p_apel, s_apel,nombres, email, genero, DNI)
VALUES (1158,'Pacheco','Iparraguirre de Linares','Lucila Doris','lpachecoi@gmail.com','f',58504191);
INSERT INTO persona (id_persona, p_apel, s_apel,nombres, email, genero, DNI)
VALUES (1159,'Tambo','Rojas','Lourdes Fany','ltambor@gmail.com','f',53864349);
INSERT INTO persona (id_persona, p_apel, s_apel,nombres, email, genero, DNI)
VALUES (1160,'Huanca','Leon','Moises','mhuancal@gmail.com','m',34236177);
INSERT INTO persona (id_persona, p_apel, s_apel,nombres, email, genero, DNI)
VALUES (1161,'Bullon','Gomez','Elvia Gabriela','ebullong@gmail.com','f',47873354);
INSERT INTO persona (id_persona, p_apel, s_apel,nombres, email, genero, DNI)
VALUES (1162,'Quispe','Sotelo','Victor','vquispes@gmail.com','m',54880694);
INSERT INTO persona (id_persona, p_apel, s_apel,nombres, email, genero, DNI)
VALUES (1163,'Pereira','Lucana','Segundina','spereiral@gmail.com','f',37149242);
INSERT INTO persona (id_persona, p_apel, s_apel,nombres, email, genero, DNI)
VALUES (1164,'Mitma','Huamani','Petronila','pmitmah@gmail.com','f',52993206);
INSERT INTO persona (id_persona, p_apel, s_apel,nombres, email, genero, DNI)
VALUES (1165,'Huaman','Mamani','Raul','rhuamanm@gmail.com','m',55999239);
INSERT INTO persona (id_persona, p_apel, s_apel,nombres, email, genero, DNI)
VALUES (1166,'Carrizales','Araya','Victor Jose','vcarrizalesa@gmail.com','m',52730644);
INSERT INTO persona (id_persona, p_apel, s_apel,nombres, email, genero, DNI)
VALUES (1167,'Zapata','Navarro','Moises Loly','mzapatan@gmail.com','m',37332666);
INSERT INTO persona (id_persona, p_apel, s_apel,nombres, email, genero, DNI)
VALUES (1168,'Osorio','Ramos','Maria Elva','mosorior@gmail.com','f',50885373);
INSERT INTO persona (id_persona, p_apel, s_apel,nombres, email, genero, DNI)
VALUES (1169,'Cavero','Barrera','Jose Damian','jcaverob@gmail.com','m',32647065);
INSERT INTO persona (id_persona, p_apel, s_apel,nombres, email, genero, DNI)
VALUES (1170,'Mavila','Mendez','Adela','amavilam@gmail.com','f',39516765);
INSERT INTO persona (id_persona, p_apel, s_apel,nombres, email, genero, DNI)
VALUES (1171,'Peralta','Quispe de Solis','Rosario','rperaltaq@gmail.com','f',36208957);
INSERT INTO persona (id_persona, p_apel, s_apel,nombres, email, genero, DNI)
VALUES (1172,'Salvador','Jara','Lourdes Fatima','lsalvadorj@gmail.com','f',36388855);
INSERT INTO persona (id_persona, p_apel, s_apel,nombres, email, genero, DNI)
VALUES (1173,'Jara','Alvarado de Salvador','Rosa Bella','rjaraa@gmail.com','f',54014175);
INSERT INTO persona (id_persona, p_apel, s_apel,nombres, email, genero, DNI)
VALUES (1174,'Chinchay','Torres','Nemesio','nchinchayt@gmail.com','m',56986309);
INSERT INTO persona (id_persona, p_apel, s_apel,nombres, email, genero, DNI)
VALUES (1175,'Apaza','Paricahua','Gladys','gapazap@gmail.com','f',35489308);
INSERT INTO persona (id_persona, p_apel, s_apel,nombres, email, genero, DNI)
VALUES (1176,'Manrique','Manchego','Elena Margarita Aurea','emanriquem@gmail.com','f',50708685);
INSERT INTO persona (id_persona, p_apel, s_apel,nombres, email, genero, DNI)
VALUES (1177,'Olivera','Chavez','Adan','aoliverac@gmail.com','m',31934044);
INSERT INTO persona (id_persona, p_apel, s_apel,nombres, email, genero, DNI)
VALUES (1178,'Taboada','Rosales','Beatriz Lucia','btaboadar@gmail.com','f',35565688);
INSERT INTO persona (id_persona, p_apel, s_apel,nombres, email, genero, DNI)
VALUES (1179,'Acosta','Poma','Justo Felix','jacostap@gmail.com','m',46644025);
INSERT INTO persona (id_persona, p_apel, s_apel,nombres, email, genero, DNI)
VALUES (1180,'Paliza','Monago','Abdon','apalizam@gmail.com','m',50538262);
INSERT INTO persona (id_persona, p_apel, s_apel,nombres, email, genero, DNI)
VALUES (1181,'Purizaga','Valverde','Rosa Eva','rpurizagav@gmail.com','f',46079499);
INSERT INTO persona (id_persona, p_apel, s_apel,nombres, email, genero, DNI)
VALUES (1182,'Agurto','Moreno','Guillermo','gagurtom@gmail.com','m',39050447);
INSERT INTO persona (id_persona, p_apel, s_apel,nombres, email, genero, DNI)
VALUES (1183,'Diaz','CastañEda','Hilario','hdiazc@gmail.com','m',47784124);
INSERT INTO persona (id_persona, p_apel, s_apel,nombres, email, genero, DNI)
VALUES (1184,'Araujo','Rosas','Adolfo','aaraujor@gmail.com','m',30626961);
INSERT INTO persona (id_persona, p_apel, s_apel,nombres, email, genero, DNI)
VALUES (1185,'Larraondo','Aranguri','Angela Adriana','alarraondoa@gmail.com','f',44782250);
INSERT INTO persona (id_persona, p_apel, s_apel,nombres, email, genero, DNI)
VALUES (1186,'Torpoco','Raymundo','Eduarda Haydee','etorpocor@gmail.com','f',31797276);
INSERT INTO persona (id_persona, p_apel, s_apel,nombres, email, genero, DNI)
VALUES (1187,'Mendez','Escobar','Blanca','bmendeze@gmail.com','f',38507239);
INSERT INTO persona (id_persona, p_apel, s_apel,nombres, email, genero, DNI)
VALUES (1188,'Lopez','Rivas','Gilda Julia','glopezr@gmail.com','f',41248340);
INSERT INTO persona (id_persona, p_apel, s_apel,nombres, email, genero, DNI)
VALUES (1189,'Carbajal','Navarro','Mercedes Ivonne','mcarbajaln@gmail.com','f',45896675);
INSERT INTO persona (id_persona, p_apel, s_apel,nombres, email, genero, DNI)
VALUES (1190,'Ruiz','Montes','Jesus','jruizm@gmail.com','m',53818159);
INSERT INTO persona (id_persona, p_apel, s_apel,nombres, email, genero, DNI)
VALUES (1191,'Mejia','Perez De Rodriguez','Floriza','fmejiap@gmail.com','f',43935566);
INSERT INTO persona (id_persona, p_apel, s_apel,nombres, email, genero, DNI)
VALUES (1192,'Piñas','Tolentino','Elizabeth Pilar','epiñast@gmail.com','f',42448474);
INSERT INTO persona (id_persona, p_apel, s_apel,nombres, email, genero, DNI)
VALUES (1193,'Garcia','Ramirez De Rodriguez','Mercedes','mgarciar@gmail.com','f',56782236);
INSERT INTO persona (id_persona, p_apel, s_apel,nombres, email, genero, DNI)
VALUES (1194,'Acosta','Poma de Levano','Maura Irene','macostap@gmail.com','f',47057608);
INSERT INTO persona (id_persona, p_apel, s_apel,nombres, email, genero, DNI)
VALUES (1195,'Yataco','Reyes','Claudio Justiniano','cyatacor@gmail.com','m',41663798);
INSERT INTO persona (id_persona, p_apel, s_apel,nombres, email, genero, DNI)
VALUES (1196,'Jilaita','Apaza','Eusebio','ejilaitaa@gmail.com','m',53428667);
INSERT INTO persona (id_persona, p_apel, s_apel,nombres, email, genero, DNI)
VALUES (1197,'Chambi','Amanqui','Maura Amancia','mchambia@gmail.com','f',47312929);
INSERT INTO persona (id_persona, p_apel, s_apel,nombres, email, genero, DNI)
VALUES (1198,'Gutierrez','Suncion','Dora','dgutierrezs@gmail.com','f',58702283);
INSERT INTO persona (id_persona, p_apel, s_apel,nombres, email, genero, DNI)
VALUES (1199,'Mendoza','Abanto','Jose Eladio','jmendozaa@gmail.com','m',40012755);
INSERT INTO persona (id_persona, p_apel, s_apel,nombres, email, genero, DNI)
VALUES (1200,'Delgado','Ramos','Matilde','mdelgador@gmail.com','f',31578776);
INSERT INTO persona (id_persona, p_apel, s_apel,nombres, email, genero, DNI)
VALUES (1201,'Palomino','Valdez','Valentina','vpalominov@gmail.com','f',41843640);
-- --------
-- ponente
INSERT INTO ponente (id_persona, especialidad) VALUES (1040,'Marketing');
INSERT INTO ponente (id_persona, especialidad) VALUES (1041,'Gestión educativa');
INSERT INTO ponente (id_persona, especialidad) VALUES (1042,'Terapia familiar');
INSERT INTO ponente (id_persona, especialidad) VALUES (1043,'Ética');
INSERT INTO ponente (id_persona, especialidad) VALUES (1044,'Nutrición');
INSERT INTO ponente (id_persona, especialidad) VALUES (1045,'Planificación y ciudades sostenibles');
INSERT INTO ponente (id_persona, especialidad) VALUES (1046,'Negocios agroeconomicos');
INSERT INTO ponente (id_persona, especialidad) VALUES (1047,'Energías renovables');
INSERT INTO ponente (id_persona, especialidad) VALUES (1048,'Gestión de infraestructuras');
INSERT INTO ponente (id_persona, especialidad) VALUES (1049,'Inversión social');
INSERT INTO ponente (id_persona, especialidad) VALUES (1050,'Gestión pública');
INSERT INTO ponente (id_persona, especialidad) VALUES (1051,'Historia del Arte');
INSERT INTO ponente (id_persona, especialidad) VALUES (1052,'Literatura peruana y Latinoamericana');
INSERT INTO ponente (id_persona, especialidad) VALUES (1053,'Escritura creativa');
INSERT INTO ponente (id_persona, especialidad) VALUES (1054,'Arqueología andina');
INSERT INTO ponente (id_persona, especialidad) VALUES (1055,'Patrimonio cultural');
INSERT INTO ponente (id_persona, especialidad) VALUES (1056,'Derechos humanos');
INSERT INTO ponente (id_persona, especialidad) VALUES (1057,'Política fiscal');
INSERT INTO ponente (id_persona, especialidad) VALUES (1058,'Comercio internacional');
INSERT INTO ponente (id_persona, especialidad) VALUES (1059,'Redes y Servicios de Banda Ancha');
-- -------
-- empleado
INSERT INTO empleado (id_persona, f_nac, salario, direccion) VALUES (1060,'1971-01-17',2000,'Calle Teniente Rodríguez - 102 Miraflores');
INSERT INTO empleado (id_persona, f_nac, salario, direccion) VALUES (1061,'1977-05-04',2300,'Urbanización La Molina B3 - Cayma');
INSERT INTO empleado (id_persona, f_nac, salario, direccion) VALUES (1062,'1989-06-13',2400,'Jacinto Ibañez - 315');
INSERT INTO empleado (id_persona, f_nac, salario, direccion) VALUES (1063,'1969-04-02',2000,'Calle Atahualpa - 402 Alto Selva Alegre');
INSERT INTO empleado (id_persona, f_nac, salario, direccion) VALUES (1064,'1953-02-28',1500,'Urbanización Tahuaycani - MzD Lt27 Arequipa');
INSERT INTO empleado (id_persona, f_nac, salario, direccion) VALUES (1065,'1953-02-05',2030,'Urbanización León XIII - K05 Cayma');
INSERT INTO empleado (id_persona, f_nac, salario, direccion) VALUES (1066,'1954-07-28',2405,'Calle José Gómez - 5 Urb. Pablo VI');
INSERT INTO empleado (id_persona, f_nac, salario, direccion) VALUES (1067,'1966-07-05',1700,'Avenida Parra 202');
INSERT INTO empleado (id_persona, f_nac, salario, direccion) VALUES (1068,'1960-11-09',1500,'Calle Álvarez Thomas 312, Cercado');
INSERT INTO empleado (id_persona, f_nac, salario, direccion) VALUES (1069,'1954-05-22',2000,'Calle Perú 415, altos');
INSERT INTO empleado (id_persona, f_nac, salario, direccion) VALUES (1070,'1956-05-04',2000,'Urb Maria Isabel, Arequipa');
INSERT INTO empleado (id_persona, f_nac, salario, direccion) VALUES (1071,'1974-08-13',2300,'C. Leticia 312-244, Arequipa');
INSERT INTO empleado (id_persona, f_nac, salario, direccion) VALUES (1072,'1979-01-09',2400,'Garcí de Carbajal 103-105, Arequipa');
INSERT INTO empleado (id_persona, f_nac, salario, direccion) VALUES (1073,'1954-12-01',2000,'C. Alto de la Luna Q 10, Arequipa');
INSERT INTO empleado (id_persona, f_nac, salario, direccion) VALUES (1074,'1977-05-21',1500,'Gral. Móran 114, Arequipa');
INSERT INTO empleado (id_persona, f_nac, salario, direccion) VALUES (1075,'1990-12-21',2030,'Cl. San Francisco 118, Arequipa');
INSERT INTO empleado (id_persona, f_nac, salario, direccion) VALUES (1076,'1985-07-09',2405,'C. Zela 202, Arequipa');
INSERT INTO empleado (id_persona, f_nac, salario, direccion) VALUES (1077,'1987-02-17',1700,'C. Puente Grau 316-278, Arequipa');
INSERT INTO empleado (id_persona, f_nac, salario, direccion) VALUES (1078,'1966-04-27',1500,'Quinta Vivanco 62-108, Arequipa');
INSERT INTO empleado (id_persona, f_nac, salario, direccion) VALUES (1079,'1967-11-09',2000,'Cta. del Ángel 183-111, Arequipa');
INSERT INTO empleado (id_persona, f_nac, salario, direccion) VALUES (1080,'1991-07-28',1200,'C. Alfonso Ugarte 457-421, Arequipa');
INSERT INTO empleado (id_persona, f_nac, salario, direccion) VALUES (1081,'1966-07-04',1210,'Jerusalén 910-916, Yanahuara');
INSERT INTO empleado (id_persona, f_nac, salario, direccion) VALUES (1082,'1980-05-14',1400,'Av. Arequipa 133-103, Arequipa');
INSERT INTO empleado (id_persona, f_nac, salario, direccion) VALUES (1083,'1982-08-06',1320,'Ramón Castilla 299-109, Arequipa');
INSERT INTO empleado (id_persona, f_nac, salario, direccion) VALUES (1084,'1982-08-06',1250,'Prol. Ramón Castilla, Arequipa');
INSERT INTO empleado (id_persona, f_nac, salario, direccion) VALUES (1085,'1980-06-11',1300,'El Rosario II, Arequipa');
INSERT INTO empleado (id_persona, f_nac, salario, direccion) VALUES (1086,'1980-06-11',1500,'C. B, Arequipa');
INSERT INTO empleado (id_persona, f_nac, salario, direccion) VALUES (1087,'1960-05-26',1200,'Urb. Villa Florida, Arequipa');
INSERT INTO empleado (id_persona, f_nac, salario, direccion) VALUES (1088,'1974-02-10',1210,'Ramón Castilla 111-101, Arequipa');
INSERT INTO empleado (id_persona, f_nac, salario, direccion) VALUES (1089,'1973-06-08',1400,'Mariano Melgar 270-328, Arequipa');
INSERT INTO empleado (id_persona, f_nac, salario, direccion) VALUES (1090,'1962-06-25',1320,'Alto Libertad, Cerro Colorado');
INSERT INTO empleado (id_persona, f_nac, salario, direccion) VALUES (1091,'1983-10-02',1250,'Tupac Amaru 551-517, Arequipa');
INSERT INTO empleado (id_persona, f_nac, salario, direccion) VALUES (1092,'1983-10-02',1300,'Urb Challapampa, Cerro Colorado');
INSERT INTO empleado (id_persona, f_nac, salario, direccion) VALUES (1093,'1983-06-03',1500,'Rimac 100, Yanahuara');
INSERT INTO empleado (id_persona, f_nac, salario, direccion) VALUES (1094,'1974-06-22',1200,'Av. Tupac Amaru, Arequipa');
INSERT INTO empleado (id_persona, f_nac, salario, direccion) VALUES (1095,'1957-08-03',1210,'Urb Ampliacion Socabaya, Arequipa');
INSERT INTO empleado (id_persona, f_nac, salario, direccion) VALUES (1096,'1954-10-16',1400,'Ampliación Socabaya, Arequipa');
INSERT INTO empleado (id_persona, f_nac, salario, direccion) VALUES (1097,'1956-08-25',1320,'Sub-estación, Arequipa');
INSERT INTO empleado (id_persona, f_nac, salario, direccion) VALUES (1098,'1952-05-16',1250,'C.p Umapalca, Arequipa');
INSERT INTO empleado (id_persona, f_nac, salario, direccion) VALUES (1099,'1952-05-16',1300,'Av. 5, Arequipa');
INSERT INTO empleado (id_persona, f_nac, salario, direccion) VALUES (1100,'1971-03-04',1500,'Naranjos 205, Arequipa');
INSERT INTO empleado (id_persona, f_nac, salario, direccion) VALUES (1101,'1971-03-04',1700,'Av las esmeraldas, Urb. Mariano Bustamante');
INSERT INTO empleado (id_persona, f_nac, salario, direccion) VALUES (1102,'1954-11-15',1600,'C. Ricardo Palma 504, José Luis Bustamante y Rivero');
INSERT INTO empleado (id_persona, f_nac, salario, direccion) VALUES (1103,'1962-07-25',1500,'Pje. Melgar 402-545, Arequipa');
INSERT INTO empleado (id_persona, f_nac, salario, direccion) VALUES (1104,'1968-11-21',1400,'Urb los Alamos Etapa 1, Arequipa');
INSERT INTO empleado (id_persona, f_nac, salario, direccion) VALUES (1105,'1973-05-05',1550,'Asoc las Mercedes, Paucarpata');
INSERT INTO empleado (id_persona, f_nac, salario, direccion) VALUES (1106,'1961-08-13',1860,'Las Américas, Paucarpata');
INSERT INTO empleado (id_persona, f_nac, salario, direccion) VALUES (1107,'1954-04-04',1930,'C. Colón 118, Paucarpata');
INSERT INTO empleado (id_persona, f_nac, salario, direccion) VALUES (1108,'1984-10-15',1500,'Alameda socabaya, Miraflores');
INSERT INTO empleado (id_persona, f_nac, salario, direccion) VALUES (1109,'1955-08-13',1320,'Garcia Calderon 476-402, Arequipa');
INSERT INTO empleado (id_persona, f_nac, salario, direccion) VALUES (1110,'1974-10-27',1250,'Agru Confraternidad Zona B, Arequipa');
INSERT INTO empleado (id_persona, f_nac, salario, direccion) VALUES (1111,'1983-05-29',1300,'A.h Villa Ecologica Zona D, Arequipa');
INSERT INTO empleado (id_persona, f_nac, salario, direccion) VALUES (1112,'1966-01-26',1500,'Ovalo Romaña, Arequipa');
INSERT INTO empleado (id_persona, f_nac, salario, direccion) VALUES (1113,'1967-03-06',1700,'A.h el Salvador Zona a, Cerro Colorado');
INSERT INTO empleado (id_persona, f_nac, salario, direccion) VALUES (1114,'1977-05-05',1600,'C. Leticia 300, Arequipa');
INSERT INTO empleado (id_persona, f_nac, salario, direccion) VALUES (1115,'1962-11-25',1500,'C. Deán Valdivia 445-345, Arequipa');
INSERT INTO empleado (id_persona, f_nac, salario, direccion) VALUES (1116,'1989-02-28',1400,'Paz Soldán 105-122, Arequipa');
INSERT INTO empleado (id_persona, f_nac, salario, direccion) VALUES (1117,'1981-10-12',1550,'C. Piérola 119a, Arequipa');
INSERT INTO empleado (id_persona, f_nac, salario, direccion) VALUES (1118,'1990-06-16',1860,'C. Santo Domingo 411-373, Arequipa');
INSERT INTO empleado (id_persona, f_nac, salario, direccion) VALUES (1119,'1978-11-15',1930,'C. Mayta Capac 246-200, Arequipa');
INSERT INTO empleado (id_persona, f_nac, salario, direccion) VALUES (1120,'1954-05-15',1500,'C. San Camilo 514, Arequipa');
INSERT INTO empleado (id_persona, f_nac, salario, direccion) VALUES (1121,'1975-10-28',1320,'Av. Independencia 1307, Arequipa');
INSERT INTO empleado (id_persona, f_nac, salario, direccion) VALUES (1122,'1956-02-15',1250,'Recavarren 103, Arequipa');
INSERT INTO empleado (id_persona, f_nac, salario, direccion) VALUES (1123,'1978-02-20',1300,'Otero 219, Arequipa');
INSERT INTO empleado (id_persona, f_nac, salario, direccion) VALUES (1124,'1956-12-24',1500,'Av. Daniel Alcides Carrión, Arequipa');
INSERT INTO empleado (id_persona, f_nac, salario, direccion) VALUES (1125,'1991-05-08',1700,'La Rosa 106, Arequipa');
INSERT INTO empleado (id_persona, f_nac, salario, direccion) VALUES (1126,'1991-05-08',1600,'San Rafael 154, Arequipa');
INSERT INTO empleado (id_persona, f_nac, salario, direccion) VALUES (1127,'1952-07-17',1500,'C. Pablo de Olavide 126, Arequipa');
INSERT INTO empleado (id_persona, f_nac, salario, direccion) VALUES (1128,'1976-10-25',1400,'Ca. Jacinto Ibañez, Arequipa');
INSERT INTO empleado (id_persona, f_nac, salario, direccion) VALUES (1129,'1992-10-24',1550,'Urb Campaña Dorada, Arequipa');
INSERT INTO empleado (id_persona, f_nac, salario, direccion) VALUES (1130,'1980-06-01',1860,'Ambrosio Vucetich 101, Arequipa');
INSERT INTO empleado (id_persona, f_nac, salario, direccion) VALUES (1131,'1965-10-19',2000,'Av. Vidaurrazaga, José Luis Bustamante y Rivero');
INSERT INTO empleado (id_persona, f_nac, salario, direccion) VALUES (1132,'1965-01-15',1500,'Urb Cerro July, Arequipa');
INSERT INTO empleado (id_persona, f_nac, salario, direccion) VALUES (1133,'1957-04-09',1320,'Salazar 203-183, Arequipa');
INSERT INTO empleado (id_persona, f_nac, salario, direccion) VALUES (1134,'1964-06-28',1250,'Gutierrez 165-105, Arequipa');
INSERT INTO empleado (id_persona, f_nac, salario, direccion) VALUES (1135,'1963-07-09',1300,'Cjón. Ayarza 209-203, Arequipa');
INSERT INTO empleado (id_persona, f_nac, salario, direccion) VALUES (1136,'1987-03-08',1500,'Jose Maria la Valle 104-111, Arequipa');
INSERT INTO empleado (id_persona, f_nac, salario, direccion) VALUES (1137,'1981-02-08',1700,'Escomel 101-109, Arequipa');
INSERT INTO empleado (id_persona, f_nac, salario, direccion) VALUES (1138,'1952-04-19',1600,'Quinta Vivanco 42, Arequipa');
INSERT INTO empleado (id_persona, f_nac, salario, direccion) VALUES (1139,'1989-12-11',1500,'Cta. del Ángel 100, Arequipa');

-- -------
-- personal

INSERT INTO personal (id_persona, area, cargo) VALUES (1060,'Limpieza','Supervisor');
INSERT INTO personal (id_persona, area, cargo) VALUES (1061,'Electricista','Iluminacion y Sonido');
INSERT INTO personal (id_persona, area, cargo) VALUES (1062,'Marketing','Promocion de ventas');
INSERT INTO personal (id_persona, area, cargo) VALUES (1063,'Caracterización','Maquillaje y peluquería');
INSERT INTO personal (id_persona, area, cargo) VALUES (1064,'Grabacion','Audio y Video');
INSERT INTO personal (id_persona, area, cargo) VALUES (1065,'Administracion',' Atención a colaborares');
INSERT INTO personal (id_persona, area, cargo) VALUES (1066,'Grabacion','Audio y Video');
INSERT INTO personal (id_persona, area, cargo) VALUES (1067,'Caracterización','Maquillaje y peluquería');
INSERT INTO personal (id_persona, area, cargo) VALUES (1068,'Administracion','Apoyo en los tareos');
INSERT INTO personal (id_persona, area, cargo) VALUES (1069,'Electricista','Iluminacion y Sonido');
INSERT INTO personal (id_persona, area, cargo) VALUES (1070,'Marketing','Teleoperador');
INSERT INTO personal (id_persona, area, cargo) VALUES (1071,'Marketing','Efectua venta tangible e intangible');
INSERT INTO personal (id_persona, area, cargo) VALUES (1072,'Administracion','Contratos y renovaciones');
INSERT INTO personal (id_persona, area, cargo) VALUES (1073,'Limpieza ','Mantenimiento');
INSERT INTO personal (id_persona, area, cargo) VALUES (1074,'Utilera de personaje','Control de accesorios');
INSERT INTO personal (id_persona, area, cargo) VALUES (1075,'Utilera de escena','Elementos de escenografía');
INSERT INTO personal (id_persona, area, cargo) VALUES (1076,'Limpieza ','Mantenimiento');
INSERT INTO personal (id_persona, area, cargo) VALUES (1077,'Sastrería','Vestuario y diseño');
INSERT INTO personal (id_persona, area, cargo) VALUES (1078,'Sastrería','Vestuario y diseño');
INSERT INTO personal (id_persona, area, cargo) VALUES (1079,'Limpieza','Mantenimiento');

-- --------
-- director_teatro

INSERT INTO director_teatro (id_persona, formacion_academica) VALUES (1080,'Pontificia Universidad Católica del Perú');
INSERT INTO director_teatro (id_persona, formacion_academica) VALUES (1081,'Universidad Nacional Mayor de San Marcos');
INSERT INTO director_teatro (id_persona, formacion_academica) VALUES (1082,'Universidad Peruana de Ciencias Aplicadas');
INSERT INTO director_teatro (id_persona, formacion_academica) VALUES (1083,'Universidad San Ignacio de Loyola');
INSERT INTO director_teatro (id_persona, formacion_academica) VALUES (1084,'Universidad Científica del Sur');
INSERT INTO director_teatro (id_persona, formacion_academica) VALUES (1085,'Universidad Nacional Mayor de San Marcos');
INSERT INTO director_teatro (id_persona, formacion_academica) VALUES (1086,'Universidad Nacional de San Agustin de Arequipa');
INSERT INTO director_teatro (id_persona, formacion_academica) VALUES (1087,'Universidad Peruana de Ciencias Aplicadas');
INSERT INTO director_teatro (id_persona, formacion_academica) VALUES (1088,'Universidad La Salle');
INSERT INTO director_teatro (id_persona, formacion_academica) VALUES (1089,'Universidad Nacional de San Agustin de Arequipa');
INSERT INTO director_teatro (id_persona, formacion_academica) VALUES (1090,'Pontificia Universidad Católica del Perú');
INSERT INTO director_teatro (id_persona, formacion_academica) VALUES (1091,'Universidad Nacional De San CristoBal De Huamanga');
INSERT INTO director_teatro (id_persona, formacion_academica) VALUES (1092,'Universidad San Ignacio de Loyola');
INSERT INTO director_teatro (id_persona, formacion_academica) VALUES (1093,'Universidad Nacional Mayor de San Marcos');
INSERT INTO director_teatro (id_persona, formacion_academica) VALUES (1094,'Universidad Nacional de San Agustin de Arequipa');
INSERT INTO director_teatro (id_persona, formacion_academica) VALUES (1095,'Universidad La Salle');
INSERT INTO director_teatro (id_persona, formacion_academica) VALUES (1096,'Universidad Nacional De San CristoBal De Huamanga');
INSERT INTO director_teatro (id_persona, formacion_academica) VALUES (1097,'Universidad Nacional de San Agustin de Arequipa');
INSERT INTO director_teatro (id_persona, formacion_academica) VALUES (1098,'Universidad Científica del Sur');
INSERT INTO director_teatro (id_persona, formacion_academica) VALUES (1099,'Universidad Nacional de San Agustin de Arequipa');

-- ----------
-- actor

INSERT INTO actor (id_persona, formacion_actoral ) VALUES (1100,'Teatro musical');
INSERT INTO actor (id_persona, formacion_actoral ) VALUES (1101,'Actuación clásica');
INSERT INTO actor (id_persona, formacion_actoral ) VALUES (1102,'Canto');
INSERT INTO actor (id_persona, formacion_actoral ) VALUES (1103,'Danza ');
INSERT INTO actor (id_persona, formacion_actoral ) VALUES (1104,'Discurso escénico');
INSERT INTO actor (id_persona, formacion_actoral ) VALUES (1105,'Gestión cultural');
INSERT INTO actor (id_persona, formacion_actoral ) VALUES (1106,'Expresión vocal');
INSERT INTO actor (id_persona, formacion_actoral ) VALUES (1107,'Dialogo, Interaccion y creatividad');
INSERT INTO actor (id_persona, formacion_actoral ) VALUES (1108,'Expresión corporal ');
INSERT INTO actor (id_persona, formacion_actoral ) VALUES (1109,'Dirección teatral');
INSERT INTO actor (id_persona, formacion_actoral ) VALUES (1110,'Expresión corporal ');
INSERT INTO actor (id_persona, formacion_actoral ) VALUES (1111,'Clown');
INSERT INTO actor (id_persona, formacion_actoral ) VALUES (1112,'Dirección teatral');
INSERT INTO actor (id_persona, formacion_actoral ) VALUES (1113,'Métodos de actuación');
INSERT INTO actor (id_persona, formacion_actoral ) VALUES (1114,'Dirección y Dramaturgia');
INSERT INTO actor (id_persona, formacion_actoral ) VALUES (1115,'Coaching Teatral');
INSERT INTO actor (id_persona, formacion_actoral ) VALUES (1116,'Expresión vocal');
INSERT INTO actor (id_persona, formacion_actoral ) VALUES (1117,'Clown');
INSERT INTO actor (id_persona, formacion_actoral ) VALUES (1118,'Teatro musical');
INSERT INTO actor (id_persona, formacion_actoral ) VALUES (1119,'Coaching Teatral');

-- -------
-- profesor

INSERT INTO profesor (id_persona, especialidad) VALUES (1120,'Pintura');
INSERT INTO profesor (id_persona, especialidad) VALUES (1121,'Musica');
INSERT INTO profesor (id_persona, especialidad) VALUES (1122,'Escultura');
INSERT INTO profesor (id_persona, especialidad) VALUES (1123,'Informatica');
INSERT INTO profesor (id_persona, especialidad) VALUES (1124,'Idiomas');
INSERT INTO profesor (id_persona, especialidad) VALUES (1125,'Danza');
INSERT INTO profesor (id_persona, especialidad) VALUES (1126,'Pintura');
INSERT INTO profesor (id_persona, especialidad) VALUES (1127,'Manualidades');
INSERT INTO profesor (id_persona, especialidad) VALUES (1128,'Ajedrez');
INSERT INTO profesor (id_persona, especialidad) VALUES (1129,'Psicologia');
INSERT INTO profesor (id_persona, especialidad) VALUES (1130,'Musica');
INSERT INTO profesor (id_persona, especialidad) VALUES (1131,'Literatura');
INSERT INTO profesor (id_persona, especialidad) VALUES (1132,'Poesía');
INSERT INTO profesor (id_persona, especialidad) VALUES (1133,'Educación');
INSERT INTO profesor (id_persona, especialidad) VALUES (1134,'Actuación');
INSERT INTO profesor (id_persona, especialidad) VALUES (1135,'Pintura');
INSERT INTO profesor (id_persona, especialidad) VALUES (1136,'Musica');
INSERT INTO profesor (id_persona, especialidad) VALUES (1137,'Actuación');
INSERT INTO profesor (id_persona, especialidad) VALUES (1138,'Psicologia');
INSERT INTO profesor (id_persona, especialidad) VALUES (1139,'Escultura');

-- -------
-- persona_telefono

INSERT INTO persona_telefono (id_persona, telefono) VALUES (1000,979850078);
INSERT INTO persona_telefono (id_persona, telefono) VALUES (1001,965419778);
INSERT INTO persona_telefono (id_persona, telefono) VALUES (1002,935553700);
INSERT INTO persona_telefono (id_persona, telefono) VALUES (1003,916281831);
INSERT INTO persona_telefono (id_persona, telefono) VALUES (1004,956598957);
INSERT INTO persona_telefono (id_persona, telefono) VALUES (1005,975070652);
INSERT INTO persona_telefono (id_persona, telefono) VALUES (1006,937183540);
INSERT INTO persona_telefono (id_persona, telefono) VALUES (1007,990720198);
INSERT INTO persona_telefono (id_persona, telefono) VALUES (1008,990692173);
INSERT INTO persona_telefono (id_persona, telefono) VALUES (1009,926647422);
INSERT INTO persona_telefono (id_persona, telefono) VALUES (1010,905901244);
INSERT INTO persona_telefono (id_persona, telefono) VALUES (1011,995890364);
INSERT INTO persona_telefono (id_persona, telefono) VALUES (1012,919491878);
INSERT INTO persona_telefono (id_persona, telefono) VALUES (1013,905162218);
INSERT INTO persona_telefono (id_persona, telefono) VALUES (1014,971493399);
INSERT INTO persona_telefono (id_persona, telefono) VALUES (1015,905183808);
INSERT INTO persona_telefono (id_persona, telefono) VALUES (1016,964577800);
INSERT INTO persona_telefono (id_persona, telefono) VALUES (1017,950911878);
INSERT INTO persona_telefono (id_persona, telefono) VALUES (1018,917591971);
INSERT INTO persona_telefono (id_persona, telefono) VALUES (1019,902220404);
INSERT INTO persona_telefono (id_persona, telefono) VALUES (1020,998210903);
INSERT INTO persona_telefono (id_persona, telefono) VALUES (1021,928861187);
INSERT INTO persona_telefono (id_persona, telefono) VALUES (1022,981797934);
INSERT INTO persona_telefono (id_persona, telefono) VALUES (1023,954085536);
INSERT INTO persona_telefono (id_persona, telefono) VALUES (1024,913955536);
INSERT INTO persona_telefono (id_persona, telefono) VALUES (1025,980420266);
INSERT INTO persona_telefono (id_persona, telefono) VALUES (1026,936142904);
INSERT INTO persona_telefono (id_persona, telefono) VALUES (1027,985340515);
INSERT INTO persona_telefono (id_persona, telefono) VALUES (1028,958238025);
INSERT INTO persona_telefono (id_persona, telefono) VALUES (1029,970863757);
INSERT INTO persona_telefono (id_persona, telefono) VALUES (1030,952957754);
INSERT INTO persona_telefono (id_persona, telefono) VALUES (1031,961610686);
INSERT INTO persona_telefono (id_persona, telefono) VALUES (1032,986357974);
INSERT INTO persona_telefono (id_persona, telefono) VALUES (1033,903159003);
INSERT INTO persona_telefono (id_persona, telefono) VALUES (1034,950767941);
INSERT INTO persona_telefono (id_persona, telefono) VALUES (1035,944387514);
INSERT INTO persona_telefono (id_persona, telefono) VALUES (1036,903831737);
INSERT INTO persona_telefono (id_persona, telefono) VALUES (1037,942115024);
INSERT INTO persona_telefono (id_persona, telefono) VALUES (1038,945011079);
INSERT INTO persona_telefono (id_persona, telefono) VALUES (1039,997138085);
INSERT INTO persona_telefono (id_persona, telefono) VALUES (1040,941935925);
INSERT INTO persona_telefono (id_persona, telefono) VALUES (1041,981533494);
INSERT INTO persona_telefono (id_persona, telefono) VALUES (1042,999173111);
INSERT INTO persona_telefono (id_persona, telefono) VALUES (1043,906897394);
INSERT INTO persona_telefono (id_persona, telefono) VALUES (1044,994931961);
INSERT INTO persona_telefono (id_persona, telefono) VALUES (1045,991437570);
INSERT INTO persona_telefono (id_persona, telefono) VALUES (1046,983365098);
INSERT INTO persona_telefono (id_persona, telefono) VALUES (1047,935225912);
INSERT INTO persona_telefono (id_persona, telefono) VALUES (1048,915691097);
INSERT INTO persona_telefono (id_persona, telefono) VALUES (1049,902473899);
INSERT INTO persona_telefono (id_persona, telefono) VALUES (1050,999413588);
INSERT INTO persona_telefono (id_persona, telefono) VALUES (1051,927746847);
INSERT INTO persona_telefono (id_persona, telefono) VALUES (1052,926302513);
INSERT INTO persona_telefono (id_persona, telefono) VALUES (1053,920227673);
INSERT INTO persona_telefono (id_persona, telefono) VALUES (1054,924213158);
INSERT INTO persona_telefono (id_persona, telefono) VALUES (1055,992434688);
INSERT INTO persona_telefono (id_persona, telefono) VALUES (1056,950735400);
INSERT INTO persona_telefono (id_persona, telefono) VALUES (1057,913460097);
INSERT INTO persona_telefono (id_persona, telefono) VALUES (1058,956390592);
INSERT INTO persona_telefono (id_persona, telefono) VALUES (1059,903408490);
INSERT INTO persona_telefono (id_persona, telefono) VALUES (1060,917739274);
INSERT INTO persona_telefono (id_persona, telefono) VALUES (1061,987172281);
INSERT INTO persona_telefono (id_persona, telefono) VALUES (1062,925255925);
INSERT INTO persona_telefono (id_persona, telefono) VALUES (1063,999190543);
INSERT INTO persona_telefono (id_persona, telefono) VALUES (1064,913904970);
INSERT INTO persona_telefono (id_persona, telefono) VALUES (1065,933918927);
INSERT INTO persona_telefono (id_persona, telefono) VALUES (1066,935566321);
INSERT INTO persona_telefono (id_persona, telefono) VALUES (1067,922222960);
INSERT INTO persona_telefono (id_persona, telefono) VALUES (1068,989172110);
INSERT INTO persona_telefono (id_persona, telefono) VALUES (1069,954939859);
INSERT INTO persona_telefono (id_persona, telefono) VALUES (1070,976804609);
INSERT INTO persona_telefono (id_persona, telefono) VALUES (1071,989891892);
INSERT INTO persona_telefono (id_persona, telefono) VALUES (1072,930057065);
INSERT INTO persona_telefono (id_persona, telefono) VALUES (1073,956446914);
INSERT INTO persona_telefono (id_persona, telefono) VALUES (1074,921475006);
INSERT INTO persona_telefono (id_persona, telefono) VALUES (1075,996390959);
INSERT INTO persona_telefono (id_persona, telefono) VALUES (1076,919488763);
INSERT INTO persona_telefono (id_persona, telefono) VALUES (1077,955798232);
INSERT INTO persona_telefono (id_persona, telefono) VALUES (1078,973344393);
INSERT INTO persona_telefono (id_persona, telefono) VALUES (1079,919462653);
INSERT INTO persona_telefono (id_persona, telefono) VALUES (1080,996377949);
INSERT INTO persona_telefono (id_persona, telefono) VALUES (1081,977311538);
INSERT INTO persona_telefono (id_persona, telefono) VALUES (1082,903608255);
INSERT INTO persona_telefono (id_persona, telefono) VALUES (1083,946388408);
INSERT INTO persona_telefono (id_persona, telefono) VALUES (1084,912908770);
INSERT INTO persona_telefono (id_persona, telefono) VALUES (1085,978112558);
INSERT INTO persona_telefono (id_persona, telefono) VALUES (1086,930636206);
INSERT INTO persona_telefono (id_persona, telefono) VALUES (1087,939555107);
INSERT INTO persona_telefono (id_persona, telefono) VALUES (1088,963029887);
INSERT INTO persona_telefono (id_persona, telefono) VALUES (1089,920684180);
INSERT INTO persona_telefono (id_persona, telefono) VALUES (1090,957252777);
INSERT INTO persona_telefono (id_persona, telefono) VALUES (1091,933507816);
INSERT INTO persona_telefono (id_persona, telefono) VALUES (1092,921735546);
INSERT INTO persona_telefono (id_persona, telefono) VALUES (1093,900676563);
INSERT INTO persona_telefono (id_persona, telefono) VALUES (1094,978434940);
INSERT INTO persona_telefono (id_persona, telefono) VALUES (1095,992605562);
INSERT INTO persona_telefono (id_persona, telefono) VALUES (1096,991465357);
INSERT INTO persona_telefono (id_persona, telefono) VALUES (1097,946057912);
INSERT INTO persona_telefono (id_persona, telefono) VALUES (1098,911858623);
INSERT INTO persona_telefono (id_persona, telefono) VALUES (1099,961229002);
INSERT INTO persona_telefono (id_persona, telefono) VALUES (1100,999314785);
INSERT INTO persona_telefono (id_persona, telefono) VALUES (1101,926830136);
INSERT INTO persona_telefono (id_persona, telefono) VALUES (1102,983902243);
INSERT INTO persona_telefono (id_persona, telefono) VALUES (1103,906945901);
INSERT INTO persona_telefono (id_persona, telefono) VALUES (1104,926736660);
INSERT INTO persona_telefono (id_persona, telefono) VALUES (1105,953303197);
INSERT INTO persona_telefono (id_persona, telefono) VALUES (1106,924516074);
INSERT INTO persona_telefono (id_persona, telefono) VALUES (1107,991122269);
INSERT INTO persona_telefono (id_persona, telefono) VALUES (1108,982027282);
INSERT INTO persona_telefono (id_persona, telefono) VALUES (1109,995316435);
INSERT INTO persona_telefono (id_persona, telefono) VALUES (1110,985792038);
INSERT INTO persona_telefono (id_persona, telefono) VALUES (1111,901174187);
INSERT INTO persona_telefono (id_persona, telefono) VALUES (1112,945128981);
INSERT INTO persona_telefono (id_persona, telefono) VALUES (1113,924814685);
INSERT INTO persona_telefono (id_persona, telefono) VALUES (1114,901119301);
INSERT INTO persona_telefono (id_persona, telefono) VALUES (1115,943987201);
INSERT INTO persona_telefono (id_persona, telefono) VALUES (1116,924144284);
INSERT INTO persona_telefono (id_persona, telefono) VALUES (1117,969831623);
INSERT INTO persona_telefono (id_persona, telefono) VALUES (1118,944486842);
INSERT INTO persona_telefono (id_persona, telefono) VALUES (1119,930987408);
INSERT INTO persona_telefono (id_persona, telefono) VALUES (1120,963445084);
INSERT INTO persona_telefono (id_persona, telefono) VALUES (1121,969202157);
INSERT INTO persona_telefono (id_persona, telefono) VALUES (1122,932794903);
INSERT INTO persona_telefono (id_persona, telefono) VALUES (1123,981930153);
INSERT INTO persona_telefono (id_persona, telefono) VALUES (1124,934373547);
INSERT INTO persona_telefono (id_persona, telefono) VALUES (1125,934220352);
INSERT INTO persona_telefono (id_persona, telefono) VALUES (1126,937963070);
INSERT INTO persona_telefono (id_persona, telefono) VALUES (1127,936679518);
INSERT INTO persona_telefono (id_persona, telefono) VALUES (1128,921269728);
INSERT INTO persona_telefono (id_persona, telefono) VALUES (1129,955978828);
INSERT INTO persona_telefono (id_persona, telefono) VALUES (1130,940173477);
INSERT INTO persona_telefono (id_persona, telefono) VALUES (1131,992083611);
INSERT INTO persona_telefono (id_persona, telefono) VALUES (1132,987924160);
INSERT INTO persona_telefono (id_persona, telefono) VALUES (1133,945270123);
INSERT INTO persona_telefono (id_persona, telefono) VALUES (1134,958763397);
INSERT INTO persona_telefono (id_persona, telefono) VALUES (1135,974507875);
INSERT INTO persona_telefono (id_persona, telefono) VALUES (1136,972541962);
INSERT INTO persona_telefono (id_persona, telefono) VALUES (1137,955700056);
INSERT INTO persona_telefono (id_persona, telefono) VALUES (1138,943082323);
INSERT INTO persona_telefono (id_persona, telefono) VALUES (1139,917670503);
INSERT INTO persona_telefono (id_persona, telefono) VALUES (1140,912918315);
INSERT INTO persona_telefono (id_persona, telefono) VALUES (1141,920057645);
INSERT INTO persona_telefono (id_persona, telefono) VALUES (1142,992054334);
INSERT INTO persona_telefono (id_persona, telefono) VALUES (1143,940131221);
INSERT INTO persona_telefono (id_persona, telefono) VALUES (1144,947763385);
INSERT INTO persona_telefono (id_persona, telefono) VALUES (1145,925005636);
INSERT INTO persona_telefono (id_persona, telefono) VALUES (1146,998237420);
INSERT INTO persona_telefono (id_persona, telefono) VALUES (1147,907116623);
INSERT INTO persona_telefono (id_persona, telefono) VALUES (1148,974978115);
INSERT INTO persona_telefono (id_persona, telefono) VALUES (1149,959800327);
INSERT INTO persona_telefono (id_persona, telefono) VALUES (1150,979847135);
INSERT INTO persona_telefono (id_persona, telefono) VALUES (1151,917322325);
INSERT INTO persona_telefono (id_persona, telefono) VALUES (1152,973170535);
INSERT INTO persona_telefono (id_persona, telefono) VALUES (1153,901018764);
INSERT INTO persona_telefono (id_persona, telefono) VALUES (1154,972512794);
INSERT INTO persona_telefono (id_persona, telefono) VALUES (1155,976914257);
INSERT INTO persona_telefono (id_persona, telefono) VALUES (1156,908815561);
INSERT INTO persona_telefono (id_persona, telefono) VALUES (1157,937166032);
INSERT INTO persona_telefono (id_persona, telefono) VALUES (1158,901460159);
INSERT INTO persona_telefono (id_persona, telefono) VALUES (1159,910158377);
INSERT INTO persona_telefono (id_persona, telefono) VALUES (1160,958199509);
INSERT INTO persona_telefono (id_persona, telefono) VALUES (1161,994554841);
INSERT INTO persona_telefono (id_persona, telefono) VALUES (1162,944365397);
INSERT INTO persona_telefono (id_persona, telefono) VALUES (1163,908940173);
INSERT INTO persona_telefono (id_persona, telefono) VALUES (1164,970653837);
INSERT INTO persona_telefono (id_persona, telefono) VALUES (1165,998994170);
INSERT INTO persona_telefono (id_persona, telefono) VALUES (1166,925300805);
INSERT INTO persona_telefono (id_persona, telefono) VALUES (1167,941892344);
INSERT INTO persona_telefono (id_persona, telefono) VALUES (1168,987570936);
INSERT INTO persona_telefono (id_persona, telefono) VALUES (1169,996593194);
INSERT INTO persona_telefono (id_persona, telefono) VALUES (1170,950993646);
INSERT INTO persona_telefono (id_persona, telefono) VALUES (1171,927931070);
INSERT INTO persona_telefono (id_persona, telefono) VALUES (1172,910308011);
INSERT INTO persona_telefono (id_persona, telefono) VALUES (1173,961381350);
INSERT INTO persona_telefono (id_persona, telefono) VALUES (1174,912045165);
INSERT INTO persona_telefono (id_persona, telefono) VALUES (1175,928708310);
INSERT INTO persona_telefono (id_persona, telefono) VALUES (1176,979323449);
INSERT INTO persona_telefono (id_persona, telefono) VALUES (1177,937464866);
INSERT INTO persona_telefono (id_persona, telefono) VALUES (1178,923807702);
INSERT INTO persona_telefono (id_persona, telefono) VALUES (1179,929819624);
INSERT INTO persona_telefono (id_persona, telefono) VALUES (1180,986753297);
INSERT INTO persona_telefono (id_persona, telefono) VALUES (1181,999084601);
INSERT INTO persona_telefono (id_persona, telefono) VALUES (1182,974293493);
INSERT INTO persona_telefono (id_persona, telefono) VALUES (1183,961564002);
INSERT INTO persona_telefono (id_persona, telefono) VALUES (1184,995123763);
INSERT INTO persona_telefono (id_persona, telefono) VALUES (1185,963209613);
INSERT INTO persona_telefono (id_persona, telefono) VALUES (1186,979789673);
INSERT INTO persona_telefono (id_persona, telefono) VALUES (1187,956634263);
INSERT INTO persona_telefono (id_persona, telefono) VALUES (1188,976008984);
INSERT INTO persona_telefono (id_persona, telefono) VALUES (1189,956195390);
INSERT INTO persona_telefono (id_persona, telefono) VALUES (1190,922779639);
INSERT INTO persona_telefono (id_persona, telefono) VALUES (1191,954323588);
INSERT INTO persona_telefono (id_persona, telefono) VALUES (1192,914181487);
INSERT INTO persona_telefono (id_persona, telefono) VALUES (1193,918555186);
INSERT INTO persona_telefono (id_persona, telefono) VALUES (1194,961321810);
INSERT INTO persona_telefono (id_persona, telefono) VALUES (1195,938665774);
INSERT INTO persona_telefono (id_persona, telefono) VALUES (1196,945166167);
INSERT INTO persona_telefono (id_persona, telefono) VALUES (1197,930037486);
INSERT INTO persona_telefono (id_persona, telefono) VALUES (1198,954212558);
INSERT INTO persona_telefono (id_persona, telefono) VALUES (1199,941383884);
INSERT INTO persona_telefono (id_persona, telefono) VALUES (1200,907096794);
INSERT INTO persona_telefono (id_persona, telefono) VALUES (1201,950972077);


--   -------
-- patrocinador
INSERT INTO patrocinador (id_persona, empresa) VALUES (1020,'Inca Tops Sa');
INSERT INTO patrocinador (id_persona, empresa) VALUES (1021,'Agricola Pampa Baja S.A.C');
INSERT INTO patrocinador (id_persona, empresa) VALUES (1022,'Laboratorios Portugal');
INSERT INTO patrocinador (id_persona, empresa) VALUES (1023,'Automotriz Incamotors Sac');
INSERT INTO patrocinador (id_persona, empresa) VALUES (1024,'Incalpaca Tpx S.A');
INSERT INTO patrocinador (id_persona, empresa) VALUES (1025,'Dimexa');
INSERT INTO patrocinador (id_persona, empresa) VALUES (1026,'Motorsur S.A.C.');
INSERT INTO patrocinador (id_persona, empresa) VALUES (1027,'Embotelladora San Miguel Del Sur');
INSERT INTO patrocinador (id_persona, empresa) VALUES (1028,'Transaltisa');
INSERT INTO patrocinador (id_persona, empresa) VALUES (1029,'Marvisur');
INSERT INTO patrocinador (id_persona, empresa) VALUES (1030,'Netcall Peru Sac');
INSERT INTO patrocinador (id_persona, empresa) VALUES (1031,'Intercorp Retail');
INSERT INTO patrocinador (id_persona, empresa) VALUES (1032,'Platanitos');
INSERT INTO patrocinador (id_persona, empresa) VALUES (1033,'LavanderíAs Don Marcelo S.R.L.');
INSERT INTO patrocinador (id_persona, empresa) VALUES (1034,'Edman Peru');
INSERT INTO patrocinador (id_persona, empresa) VALUES (1035,'Distribuidora Jandy Sac');
INSERT INTO patrocinador (id_persona, empresa) VALUES (1036,'Ngr Restaurantes');
INSERT INTO patrocinador (id_persona, empresa) VALUES (1037,'Comercial Sac - Industria');
INSERT INTO patrocinador (id_persona, empresa) VALUES (1038,'E.M. Rey Andina S.R.L.');
INSERT INTO patrocinador (id_persona, empresa) VALUES (1039,'PizzeríAs Presto');
-- ----------
-- cliente-----
INSERT INTO cliente (id_persona, f_nac,usuario,clave) VALUES (1000,'1999-03-10','aldeju','123456');
INSERT INTO cliente (id_persona, f_nac,usuario,clave) VALUES (1001,'1960-10-26','cmarquez',123456);
INSERT INTO cliente (id_persona, f_nac,usuario,clave) VALUES (1002,'1979-02-02','ayngaz',123456);
INSERT INTO cliente (id_persona, f_nac,usuario,clave) VALUES (1003,'1984-12-23','jsagayoq',123456);
INSERT INTO cliente (id_persona, f_nac,usuario,clave) VALUES (1004,'1971-10-30','jyutoa',123456);
INSERT INTO cliente (id_persona, f_nac,usuario,clave) VALUES (1005,'1991-03-30','coballec',123456);
INSERT INTO cliente (id_persona, f_nac,usuario,clave) VALUES (1006,'1967-10-08','aalvas',123456);
INSERT INTO cliente (id_persona, f_nac,usuario,clave) VALUES (1007,'1976-01-09','ahidalgoc',123456);
INSERT INTO cliente (id_persona, f_nac,usuario,clave) VALUES (1008,'1982-04-04','aaranac',123456);
INSERT INTO cliente (id_persona, f_nac,usuario,clave) VALUES (1009,'1972-07-29','pbaltazart',123456);
INSERT INTO cliente (id_persona, f_nac,usuario,clave) VALUES (1010,'1958-07-02','jcarhuasc',123456);
INSERT INTO cliente (id_persona, f_nac,usuario,clave) VALUES (1011,'1971-04-07','epalominoz',123456);
INSERT INTO cliente (id_persona, f_nac,usuario,clave) VALUES (1012,'1992-04-28','aespantozom',123456);
INSERT INTO cliente (id_persona, f_nac,usuario,clave) VALUES (1013,'1960-04-07','vsedanoo',123456);
INSERT INTO cliente (id_persona, f_nac,usuario,clave) VALUES (1014,'1991-11-22','prodriguezc',123456);
INSERT INTO cliente (id_persona, f_nac,usuario,clave) VALUES (1015,'1979-11-26','dsulcam',123456);
INSERT INTO cliente (id_persona, f_nac,usuario,clave) VALUES (1016,'1958-06-19','mpaicoa',123456);
INSERT INTO cliente (id_persona, f_nac,usuario,clave) VALUES (1017,'1991-12-13','fpizarrop',123456);
INSERT INTO cliente (id_persona, f_nac,usuario,clave) VALUES (1018,'1957-12-26','iacostap',123456);
INSERT INTO cliente (id_persona, f_nac,usuario,clave) VALUES (1019,'1976-05-28','grivadeneira',123456);
-- -------
-- taller
INSERT INTO taller (id_taller, tema, F_inicio, F_fin, costo, id_profesor, descripcion) VALUES (2000,'Pintura con acuarela','2023-01-25','2023-02-25',200,1120,' Atrevete a pintar con acuarelas, con este taller podrás iniciarte en esta colorida y aguada técnica de pintura.');
INSERT INTO taller (id_taller, tema, F_inicio, F_fin, costo, id_profesor, descripcion) VALUES (2001,'Piano','2023-04-17','2023-05-17',300,1121,'Taller dirigido a todo el publico en general, clases teóricas y prácticas de lectura musical entonada, hablada y rítmica');
INSERT INTO taller (id_taller, tema, F_inicio, F_fin, costo, id_profesor, descripcion) VALUES (2002,'Escultura de superheroes','2023-05-29','2023-06-29',150,1122,'Aprenderás a modelar el cuerpo humano y rostro, poniendo en práctica el uso de nuevos materiales con los que se podrán crear la figura de algún personaje icónico');
INSERT INTO taller (id_taller, tema, F_inicio, F_fin, costo, id_profesor, descripcion) VALUES (2003,'Excel básico','2023-05-02','2023-06-02',150,1123,'Este taller te servirá como introducción a excel');
INSERT INTO taller (id_taller, tema, F_inicio, F_fin, costo, id_profesor, descripcion) VALUES (2004,'Inglés para entrevistas laborales','2023-01-22','2023-02-22',200,1124,'Conocerás las preguntas mas comunes y como contestar correctamente');
INSERT INTO taller (id_taller, tema, F_inicio, F_fin, costo, id_profesor, descripcion) VALUES (2005,'Danza contemporánea','2023-05-15','2023-06-15',200,1125,'Fluye desde el contacto entre los participantes, que exploran opciones de movimiento para ser conscientes del espacio y de la relación con los demás danzantes');
INSERT INTO taller (id_taller, tema, F_inicio, F_fin, costo, id_profesor, descripcion) VALUES (2006,'Pintura al oleo','2023-05-20','2023-06-20',230,1126,'Aprende esta técnica pictórica muy utilizada en la historia del arte');
INSERT INTO taller (id_taller, tema, F_inicio, F_fin, costo, id_profesor, descripcion) VALUES (2007,'Manualidades con Porcelana Fría','2023-02-02','2023-03-02',190,1127,'Haz manualidades con porcelana fría, que es muy fácil de manipular y moldear, sin necesidad de horneado ni ningún otro proceso de endurecimiento');
INSERT INTO taller (id_taller, tema, F_inicio, F_fin, costo, id_profesor, descripcion) VALUES (2008,'Ajedrez','2023-02-27','2023-03-27',150,1128,'Este taller permitirá a los asistentes aproximarse a la belleza y complejidad del ajedrez.');
INSERT INTO taller (id_taller, tema, F_inicio, F_fin, costo, id_profesor, descripcion) VALUES (2009,'Inteligencia emocional','2023-06-05','2023-07-05',180,1129,'La inteligencia emocional es uno de los conocimientos más útiles que podrás aprender a través de cualquier taller de psicología para principiantes o para curiosos de la materia');
INSERT INTO taller (id_taller, tema, F_inicio, F_fin, costo, id_profesor, descripcion) VALUES (2010,'Guitarra','2023-03-15','2023-04-15',200,1130,'El taller de Guitarra permite brindar la mejor experiencia de aprendizaje y la práctica de este instrumento. De forma personalizada se orienta al alumno en el conocimiento, técnica del instrumento y la ejecución de un repertorio progresivo.');
INSERT INTO taller (id_taller, tema, F_inicio, F_fin, costo, id_profesor, descripcion) VALUES (2011,'Literatura rusa','2023-01-24','2023-02-24',300,1131,'Taller de lectura que busca descubrir la magia de la literatura rusa y cómo ha influenciado a la narrativa contemporánea');
INSERT INTO taller (id_taller, tema, F_inicio, F_fin, costo, id_profesor, descripcion) VALUES (2012,'Poesía Latinoamericana','2023-06-04','2023-07-04',270,1132,'El taller ofrece un panorama de las principales tendencias poéticas contemporáneas en Latinoamérica,');
INSERT INTO taller (id_taller, tema, F_inicio, F_fin, costo, id_profesor, descripcion) VALUES (2013,'Cuentos Infantiles','2023-05-28','2023-06-28',200,1133,'Permitirá desarrollar su creatividad, la gestión de sus emociones y el acercamiento a otros mundos a través del libro y sus actividades.');
INSERT INTO taller (id_taller, tema, F_inicio, F_fin, costo, id_profesor, descripcion) VALUES (2014,'Introducción al trabajo actoral','2023-03-17','2023-04-17',200,1134,'Taller introductorio que ofrece las herramientas básicas necesarias para desarrollar el trabajo actoral, entendido en su acepción más amplia');
INSERT INTO taller (id_taller, tema, F_inicio, F_fin, costo, id_profesor, descripcion) VALUES (2015,'Pintura al oleo II','2023-04-02','2023-05-02',250,1135,'Taller dedicado a personas con concimientos de pintura al oleo');
INSERT INTO taller (id_taller, tema, F_inicio, F_fin, costo, id_profesor, descripcion) VALUES (2016,'Piano II','2023-01-15','2023-02-15',250,1136,'Taller dedicado a personas con concimientos de piano');
INSERT INTO taller (id_taller, tema, F_inicio, F_fin, costo, id_profesor, descripcion) VALUES (2017,'Improvisación','2023-03-02','2023-04-02',180,1137,'Espacio creado para compartir el conocimiento y desarrollar la técnica de la improvisación en el teatro');
INSERT INTO taller (id_taller, tema, F_inicio, F_fin, costo, id_profesor, descripcion) VALUES (2018,'Autoestima y valoración personal','2023-04-19','2023-05-19',180,1138,'La autoestima es una de las especialidades de la psicología que pendientes tenemos. En este taller de psicología tendrás la capacidad de valorarte a ti mismo/a');
INSERT INTO taller (id_taller, tema, F_inicio, F_fin, costo, id_profesor, descripcion) VALUES (2019,'Escultura de superheroes II','2023-04-25','2023-05-25',250,1139,'En este taller aprenderás tecnicas avanzadas de escultura');

-- -----
-- ------
-- cliente_taller
INSERT INTO cliente_taller (id_persona, id_taller) VALUES (1000,2000);
INSERT INTO cliente_taller (id_persona, id_taller) VALUES (1001,2001);
INSERT INTO cliente_taller (id_persona, id_taller) VALUES (1002,2002);
INSERT INTO cliente_taller (id_persona, id_taller) VALUES (1003,2003);
INSERT INTO cliente_taller (id_persona, id_taller) VALUES (1004,2004);
INSERT INTO cliente_taller (id_persona, id_taller) VALUES (1005,2005);
INSERT INTO cliente_taller (id_persona, id_taller) VALUES (1006,2006);
INSERT INTO cliente_taller (id_persona, id_taller) VALUES (1007,2007);
INSERT INTO cliente_taller (id_persona, id_taller) VALUES (1008,2008);
INSERT INTO cliente_taller (id_persona, id_taller) VALUES (1009,2009);
INSERT INTO cliente_taller (id_persona, id_taller) VALUES (1010,2010);
INSERT INTO cliente_taller (id_persona, id_taller) VALUES (1011,2011);
INSERT INTO cliente_taller (id_persona, id_taller) VALUES (1012,2012);
INSERT INTO cliente_taller (id_persona, id_taller) VALUES (1013,2013);
INSERT INTO cliente_taller (id_persona, id_taller) VALUES (1014,2014);
INSERT INTO cliente_taller (id_persona, id_taller) VALUES (1015,2015);
INSERT INTO cliente_taller (id_persona, id_taller) VALUES (1016,2016);
INSERT INTO cliente_taller (id_persona, id_taller) VALUES (1017,2017);
INSERT INTO cliente_taller (id_persona, id_taller) VALUES (1018,2018);
INSERT INTO cliente_taller (id_persona, id_taller) VALUES (1019,2019);
-- -----
-- ------
-- sala
INSERT INTO sala(id_sala, aforo)
VALUES(1,100);
INSERT INTO sala(id_sala, aforo)
VALUES(2,150);
INSERT INTO sala(id_sala, aforo)
VALUES(3,150);
INSERT INTO sala(id_sala, aforo)
VALUES(4,100);
INSERT INTO sala(id_sala, aforo)
VALUES(5,100);
INSERT INTO sala(id_sala, aforo)
VALUES(6,150);














